Series Name,"Series Code","Country Name","Country Code","2010 [YR2010]","2011 [YR2011]","2012 [YR2012]","2013 [YR2013]","2014 [YR2014]","2015 [YR2015]","2016 [YR2016]","2017 [YR2017]","2018 [YR2018]","2019 [YR2019]"
"Inflation, consumer prices (annual %)","FP.CPI.TOTL.ZG","Afghanistan","AFG","2.17853752389414","11.8041858089129","6.44121280934117","7.38577178397855","4.67399603536305","-0.66170916471352","4.38389195513893","4.97595150553892","0.626149149168983","2.30237251516819"
"Inflation, consumer prices (annual %)","FP.CPI.TOTL.ZG","Albania","ALB","3.62604695579816","3.42912324722163","2.03159268395301","1.93762080205229","1.6258650440261","1.89617402592365","1.2754316836741","1.98666133171199","2.02805963071136","1.41109078954246"
"Inflation, consumer prices (annual %)","FP.CPI.TOTL.ZG","Algeria","DZA","3.91106195534028","4.5242115050527","8.89145091062317","3.25423910998847","2.91692692067458","4.78444700693889","6.39769480268757","5.59111590961664","4.26999020467084","1.95176821052892"
"Inflation, consumer prices (annual %)","FP.CPI.TOTL.ZG","American Samoa","ASM","NA","NA","NA","NA","NA","NA","NA","NA","NA","NA"
"Inflation, consumer prices (annual %)","FP.CPI.TOTL.ZG","Andorra","AND","NA","NA","NA","NA","NA","NA","NA","NA","NA","NA"
"Inflation, consumer prices (annual %)","FP.CPI.TOTL.ZG","Angola","AGO","14.4696564932577","13.4824679218511","10.2779049218839","8.77781429332624","7.28038730361121","9.35597215533784","30.6944150806719","29.8444799015679","19.6289379701521","17.080954143438"
"Inflation, consumer prices (annual %)","FP.CPI.TOTL.ZG","Antigua and Barbuda","ATG","3.37002540220148","3.4567496723461","3.37688044338874","1.05949782356169","1.08944157435355","0.968993458825638","-0.489437796230499","2.43248789041363","1.20715793367008","1.43135598182984"
"Inflation, consumer prices (annual %)","FP.CPI.TOTL.ZG","Argentina","ARG","NA","NA","NA","NA","NA","NA","NA","NA","NA","NA"
"Inflation, consumer prices (annual %)","FP.CPI.TOTL.ZG","Armenia","ARM","8.17636138473952","7.65000807859294","2.55802007757907","5.78966778544651","2.98130868933672","3.73169119261693","-1.403607559009","0.969553268816138","2.52023382001638","1.44344660770698"
"Inflation, consumer prices (annual %)","FP.CPI.TOTL.ZG","Aruba","ABW","2.07814071860787","4.31629742195203","0.627471992893373","-2.37206524252261","0.421440918881214","0.474763597342641","-0.931195987079561","-1.02828178762012","3.62604141352961","4.25746204335428"
"Inflation, consumer prices (annual %)","FP.CPI.TOTL.ZG","Australia","AUS","2.91834002677376","3.3038501560874","1.76278015613196","2.4498886414254","2.48792270531404","1.50836672165921","1.27699094497324","1.94864740944527","1.91140094445691","1.61076787290379"
"Inflation, consumer prices (annual %)","FP.CPI.TOTL.ZG","Austria","AUT","1.81353438995062","3.2865791487538","2.48567562177015","2.00015616900597","1.60581182954474","0.89656333526032","0.891591752655362","2.08126911385587","1.9983798142954","1.53089564152644"
"Inflation, consumer prices (annual %)","FP.CPI.TOTL.ZG","Azerbaijan","AZE","5.72687224669605","7.8583333333334","1.06621339720303","2.41571745279419","1.37344181533176","4.02768573742726","12.4433748584372","12.9359184187335","2.26854690373999","2.61057182799215"
"Inflation, consumer prices (annual %)","FP.CPI.TOTL.ZG","Bahamas, The","BHS","1.34402738392836","3.1987814166032","1.97336755976254","0.722414784530551","1.51375643050831","1.86148302863371","-0.346376929989397","1.51820700736147","2.26586346678736","2.49123527368046"
"Inflation, consumer prices (annual %)","FP.CPI.TOTL.ZG","Bahrain","BHR","1.96188468334623","-0.40004069748808","2.75739669962979","3.30001156888442","2.64755321246189","1.84862742374977","2.78679347602044","1.38671830576406","2.08766938046978","1.00582004702137"
"Inflation, consumer prices (annual %)","FP.CPI.TOTL.ZG","Bangladesh","BGD","8.12667639169917","11.3951651552399","6.21750422069284","7.53040640913172","6.99163889220849","6.19428022984984","5.51352572692995","5.70207015717239","5.54362139486476","5.59199639930629"
"Inflation, consumer prices (annual %)","FP.CPI.TOTL.ZG","Barbados","BRB","5.82421853311866","9.43220240177221","4.53334753888766","1.81410436049105","1.76950322089729","-1.11278992510967","1.28192813061895","4.66018463955996","3.67381410406801","4.10028964518461"
"Inflation, consumer prices (annual %)","FP.CPI.TOTL.ZG","Belarus","BLR","7.73574804312508","53.2286983118173","59.2197360232517","18.3122610377874","18.1195543526734","13.5344897649735","11.8365807653497","6.03183725177793","4.87230220550684","5.59815595039854"
"Inflation, consumer prices (annual %)","FP.CPI.TOTL.ZG","Belgium","BEL","2.18929920422457","3.53208210722742","2.83966343445899","1.1130959402754","0.340002833356922","0.561429152790065","1.97385264653181","2.12597086002607","2.05316499865186","1.43681956996429"
"Inflation, consumer prices (annual %)","FP.CPI.TOTL.ZG","Belize","BLZ","0.917977378808888","1.602056156402","1.30058074547858","0.50974776898322","1.20139964481058","-0.861584009427748","0.663427167917601","1.14765339305816","0.269982622646335","0.187069385181424"
"Inflation, consumer prices (annual %)","FP.CPI.TOTL.ZG","Benin","BEN","2.20783532536523","2.7042390774728","6.74468253340712","0.428888888888792","-0.548757550948091","0.218785923536154","-0.793310145785534","0.0432648555103608","0.919170717886054","0.732849371240975"
"Inflation, consumer prices (annual %)","FP.CPI.TOTL.ZG","Bermuda","BMU","NA","NA","NA","NA","NA","NA","NA","NA","NA","NA"
"Inflation, consumer prices (annual %)","FP.CPI.TOTL.ZG","Bhutan","BTN","7.0363831607302","8.848985699468","10.919656944683","8.77638345268213","8.27106093949328","4.54814395082205","3.21988689395718","4.95508366985129","2.7239638618372","2.7264303738882"
"Inflation, consumer prices (annual %)","FP.CPI.TOTL.ZG","Bolivia","BOL","2.50327605844241","9.88446419823883","4.51560291399376","5.73640023719607","5.76660074579144","4.05961041135645","3.62321431764138","2.8227580554717","2.27205987230155","1.83954504969026"
"Inflation, consumer prices (annual %)","FP.CPI.TOTL.ZG","Bosnia and Herzegovina","BIH","1.99621236745886","3.67125","2.05267452001727","NA","NA","NA","NA","NA","NA","NA"
"Inflation, consumer prices (annual %)","FP.CPI.TOTL.ZG","Botswana","BWA","6.94887658743103","8.45987233408583","7.53690261091916","5.88460707056817","4.40225309243427","3.06203169580558","2.81495791361944","3.30828076768219","3.23801558947715","2.77286442863321"
"Inflation, consumer prices (annual %)","FP.CPI.TOTL.ZG","Brazil","BRA","5.03872690108075","6.6364496221309","5.40349914036997","6.20431066640101","6.32904015516139","9.02990102416136","8.73914352329393","3.44637335032669","3.66485028376729","3.73297621216894"
"Inflation, consumer prices (annual %)","FP.CPI.TOTL.ZG","British Virgin Islands","VGB","NA","NA","NA","NA","NA","NA","NA","NA","NA","NA"
"Inflation, consumer prices (annual %)","FP.CPI.TOTL.ZG","Brunei Darussalam","BRN","0.356869132017561","0.13791156316954","0.111766261400307","0.389205053123632","-0.207108731719822","-0.488347420743522","-0.278693265753083","-1.2605056462896","1.02505179290212","-0.390522069165529"
"Inflation, consumer prices (annual %)","FP.CPI.TOTL.ZG","Bulgaria","BGR","2.43899060504113","4.21990346601873","2.95456829831022","0.890093540913002","-1.4181838026484","-0.104633261008385","-0.79864988645371","2.06159619443141","2.81454473824829","3.10372944796781"
"Inflation, consumer prices (annual %)","FP.CPI.TOTL.ZG","Burkina Faso","BFA","-0.764230734676758","2.75976724854523","3.818152402524","0.533738507090536","-0.258089517535384","0.724838981070517","0.441041448058902","1.48299897161325","1.95594302672523","-3.2333893398333"
"Inflation, consumer prices (annual %)","FP.CPI.TOTL.ZG","Burundi","BDI","6.49326591473993","9.5921660597967","18.1610453065451","7.93795807492418","4.40535234185293","5.54468891259779","5.55768961400965","16.0525353030392","-2.81469807668465","-0.686772170797359"
"Inflation, consumer prices (annual %)","FP.CPI.TOTL.ZG","Cabo Verde","CPV","2.07866470906424","4.47388342165023","2.54039644167109","1.50654285701407","-0.238778144990624","0.131187999024545","-1.40781637091706","0.784415251101334","1.25699566690509","1.10666674296063"
"Inflation, consumer prices (annual %)","FP.CPI.TOTL.ZG","Cambodia","KHM","3.99639528107218","5.4784474961745","2.93431609293951","2.94162509547349","3.85568861424207","1.22393195511119","3.01913975139128","2.91263557371478","2.45908515380146","1.94257500833107"
"Inflation, consumer prices (annual %)","FP.CPI.TOTL.ZG","Cameroon","CMR","1.27538046242338","2.93969946305091","2.73529677529539","2.05034718001741","1.85489850366777","2.676235314199","0.874190383288856","0.64040914988195","1.0688581131292","2.45280214062732"
"Inflation, consumer prices (annual %)","FP.CPI.TOTL.ZG","Canada","CAN","1.77687154092627","2.91213508872351","1.51567823124517","0.938291897815317","1.90663590717861","1.12524136094277","1.42875954701085","1.59688412852977","2.26822567248103","1.94926902411593"
"Inflation, consumer prices (annual %)","FP.CPI.TOTL.ZG","Cayman Islands","CYM","0.276140861750108","1.32543575779664","1.18894845245608","2.16061146813391","1.27397911533388","-2.34752770165615","-0.62525835861814","NA","NA","NA"
"Inflation, consumer prices (annual %)","FP.CPI.TOTL.ZG","Central African Republic","CAF","1.49102370047802","1.1944757244985","5.47829594346117","6.98879341970198","14.898684179755","1.40297017136816","4.94543276106518","4.18072331871267","1.61215686991555","2.68537355266787"
"Inflation, consumer prices (annual %)","FP.CPI.TOTL.ZG","Chad","TCD","-2.07786574641866","2.0292405367826","7.51662364663833","0.222671564624642","1.68197313925661","4.37712665065654","-0.792440525236016","-1.53709962980849","4.27462198610545","-0.971939175419317"
"Inflation, consumer prices (annual %)","FP.CPI.TOTL.ZG","Channel Islands","CHI","NA","NA","NA","NA","NA","NA","NA","NA","NA","NA"
"Inflation, consumer prices (annual %)","FP.CPI.TOTL.ZG","Chile","CHL","1.41071107954317","3.34121694259301","3.00744840213047","1.7895555398459","4.71867527854663","4.34877353217053","3.78619355893118","2.18271846868519","2.43488981353057","2.55754475703327"
"Inflation, consumer prices (annual %)","FP.CPI.TOTL.ZG","China","CHN","3.17532475269199","5.55389892257493","2.61952432645541","2.62105001748115","1.92164162788521","1.43702380935655","2.00000182191943","1.59313600071436","2.07479039965576","2.89923416358227"
"Inflation, consumer prices (annual %)","FP.CPI.TOTL.ZG","Colombia","COL","2.27200227892008","3.4150334477625","3.16930188840055","2.01699224310383","2.89883787761738","4.9898311584953","7.51346024627675","4.31431325695011","3.24056932930569","3.52301932741447"
"Inflation, consumer prices (annual %)","FP.CPI.TOTL.ZG","Comoros","COM","3.35475770328922","1.8426630075621","6.31474450315196","-4.29487331536736","NA","NA","NA","NA","NA","NA"
"Inflation, consumer prices (annual %)","FP.CPI.TOTL.ZG","Congo, Dem. Rep.","COD","7.10000000000037","15.316515913949","9.72182806273364","0.808223101487111","1.24303889760803","0.74419899478147","2.88585107289988","NA","NA","NA"
"Inflation, consumer prices (annual %)","FP.CPI.TOTL.ZG","Congo, Rep.","COG","0.391525011227612","1.75958704273803","5.01018773134471","4.63161619729461","0.912139545450097","3.16909796750829","3.19056179723773","0.450063823285546","1.15277896375523","2.20607305781525"
"Inflation, consumer prices (annual %)","FP.CPI.TOTL.ZG","Costa Rica","CRI","5.66275708420021","4.87799830970702","4.49545314354605","5.23133614174428","4.51920098516954","0.801982005099623","-0.0174788505908217","1.62590692991732","2.22111461526581","2.09604635327807"
"Inflation, consumer prices (annual %)","FP.CPI.TOTL.ZG","Cote d'Ivoire","CIV","1.22645612135479","4.9124339505246","1.30451119915597","2.58117037252936","0.448682076766141","1.25149954781477","0.723178457513217","0.685881065304603","0.359409031380677","-1.10686343994188"
"Inflation, consumer prices (annual %)","FP.CPI.TOTL.ZG","Croatia","HRV","1.03055505333574","2.2727272727273","3.41207349081358","2.21658206429779","-0.215196159576268","-0.464499004644911","-1.12500000000002","1.12937210282347","1.50012501041756","0.771820346498019"
"Inflation, consumer prices (annual %)","FP.CPI.TOTL.ZG","Cuba","CUB","NA","NA","NA","NA","NA","NA","NA","NA","NA","NA"
"Inflation, consumer prices (annual %)","FP.CPI.TOTL.ZG","Curacao","CUW","2.77944261312587","2.3325315256217","3.18398746349455","1.33232086152117","1.4987396961643","-0.476542049801405","-0.0472079848940293","1.58558801700345","2.58368756641814","2.62220783425059"
"Inflation, consumer prices (annual %)","FP.CPI.TOTL.ZG","Cyprus","CYP","2.43004084102254","3.28944939564211","2.38905410042317","-0.399357676464426","-1.35498885446315","-2.0969976905311","-1.42916666666665","0.531766496174467","1.43549119531759","0.250370996758493"
"Inflation, consumer prices (annual %)","FP.CPI.TOTL.ZG","Czechia","CZE","1.47272727272722","1.9172191363555","3.28762306610411","1.4382978723404","0.343988589646794","0.309364548494975","0.683504209385703","2.4505339846014","2.14949494949493","2.8478759591805"
"Inflation, consumer prices (annual %)","FP.CPI.TOTL.ZG","Denmark","DNK","2.31092436974789","2.7586822605125","2.3979148566464","0.789071780078062","0.56402054044954","0.452034153691575","0.250000000000031","1.14713216957602","0.813609467455631","0.75813157251162"
"Inflation, consumer prices (annual %)","FP.CPI.TOTL.ZG","Djibouti","DJI","3.95007875923885","5.0687139477799","3.73120950756887","2.70603242872182","1.34186494340157","-0.847389733971996","2.73841208738755","0.568112117084804","0.14797084987711","3.31925372703827"
"Inflation, consumer prices (annual %)","FP.CPI.TOTL.ZG","Dominica","DMA","2.99936630549","1.1312313652648","1.3567714780886","-0.0464116468805992","0.799250372687492","-0.84382698463833","0.141816225732312","0.296252889279487","0.98919111918989","1.50462353858141"
"Inflation, consumer prices (annual %)","FP.CPI.TOTL.ZG","Dominican Republic","DOM","6.32993220146146","5.79676809206533","3.69449707884777","4.830950967408","2.99864226125219","0.836746346724557","1.61416607245223","3.27955694678546","3.56443426013508","1.81060377042959"
"Inflation, consumer prices (annual %)","FP.CPI.TOTL.ZG","Ecuador","ECU","3.55437734567843","4.4745326579584","5.10172180958666","2.72177577710371","3.58922016616663","3.96664623255358","1.72826463324533","0.417335588666825","-0.224103246005552","0.266012515466155"
"Inflation, consumer prices (annual %)","FP.CPI.TOTL.ZG","Egypt, Arab Rep.","EGY","11.2651882653185","10.0649259874818","7.11172943343083","9.46971981064921","10.0702154687481","10.370490343517","13.813606214829","29.5066083940039","14.4014657807422","9.15279959324804"
"Inflation, consumer prices (annual %)","FP.CPI.TOTL.ZG","El Salvador","SLV","1.17933576873673","5.1289237668161","1.72973481581383","0.757669184522973","1.14134467538233","-0.731384487387957","0.60404908699661","1.0123540331558","1.09033000581892","0.0753241350024612"
"Inflation, consumer prices (annual %)","FP.CPI.TOTL.ZG","Equatorial Guinea","GNQ","7.78916547991184","4.805389221557","3.65662048278806","2.94887694639662","4.30999866149107","1.67663085315988","1.41193915479015","0.74435474661241","1.06007410662171","1.53027528964189"
"Inflation, consumer prices (annual %)","FP.CPI.TOTL.ZG","Eritrea","ERI","NA","NA","NA","NA","NA","NA","NA","NA","NA","NA"
"Inflation, consumer prices (annual %)","FP.CPI.TOTL.ZG","Estonia","EST","2.97204512015694","4.9819013145361","3.93339987296985","2.78056658954988","-0.10617514652171","-0.49232600654737","0.148684907627373","3.41723549488054","3.43632688420446","2.27725931243522"
"Inflation, consumer prices (annual %)","FP.CPI.TOTL.ZG","Ethiopia","ETH","8.14926402965082","33.2499598823344","23.600417677317","7.46402192944517","6.89001951597192","9.56889955968623","6.62813337230924","10.6871150284238","13.8330356586661","15.8096321719344"
"Inflation, consumer prices (annual %)","FP.CPI.TOTL.ZG","Faroe Islands","FRO","NA","NA","NA","NA","NA","NA","NA","NA","NA","NA"
"Inflation, consumer prices (annual %)","FP.CPI.TOTL.ZG","Fiji","FJI","3.68901229670766","7.27811782708494","3.4233752340198","2.91354193604001","0.519306474579194","1.37488542621438","3.86322538221269","3.3475783475784","4.08147637644526","1.77310182460282"
"Inflation, consumer prices (annual %)","FP.CPI.TOTL.ZG","Finland","FIN","1.18413523154646","3.41680754255211","2.80833622561574","1.4782861568881","1.04119621178439","-0.207928839905268","0.356684500891695","0.754015047084346","1.08382098409305","1.02409392963431"
"Inflation, consumer prices (annual %)","FP.CPI.TOTL.ZG","France","FRA","1.53112270420926","2.11159795174994","1.9541953161351","0.863715497861805","0.50775882293799","0.0375143805125182","0.18333486112386","1.03228275064662","1.85081508315502","1.10825492288294"
"Inflation, consumer prices (annual %)","FP.CPI.TOTL.ZG","French Polynesia","PYF","NA","NA","NA","NA","NA","NA","NA","NA","NA","NA"
"Inflation, consumer prices (annual %)","FP.CPI.TOTL.ZG","Gabon","GAB","1.46154402720469","1.26331707837421","2.65241828695626","0.505441058915615","4.69045751826284","-0.338795188753406","2.10670712784054","2.65192583143902","4.74906652083221","2.46456756151187"
"Inflation, consumer prices (annual %)","FP.CPI.TOTL.ZG","Gambia, The","GMB","5.04968075857402","4.7958826618311","4.25432199813899","5.69912989637382","5.94799935696626","6.8084549457961","7.22879272057922","8.03418974545911","6.52096823946573","7.11567625631192"
"Inflation, consumer prices (annual %)","FP.CPI.TOTL.ZG","Georgia","GEO","7.11017897486099","8.5429333333333","-0.943658853270964","-0.512058410947092","3.06881210379543","4.00357820695097","2.13492713939121","6.03531725272117","2.6152447139767","4.85289821696723"
"Inflation, consumer prices (annual %)","FP.CPI.TOTL.ZG","Germany","DEU","1.1038103778926","2.07517283735874","2.00848884782956","1.50472330251876","0.906794000434246","0.514426137125456","0.491747008445174","1.50949485109628","1.73216879766942","1.44565976888253"
"Inflation, consumer prices (annual %)","FP.CPI.TOTL.ZG","Ghana","GHA","10.7333898354915","8.7284593709302","11.1863409441067","11.6661923071729","15.4896160333318","17.1499695007878","17.4546347070868","12.3719215507048","7.80876516610703","7.14364003330857"
"Inflation, consumer prices (annual %)","FP.CPI.TOTL.ZG","Gibraltar","GIB","NA","NA","NA","NA","NA","NA","NA","NA","NA","NA"
"Inflation, consumer prices (annual %)","FP.CPI.TOTL.ZG","Greece","GRC","4.71298907760388","3.3298532335065","1.50152696177758","-0.921269454256994","-1.31226096405506","-1.73588804765284","-0.825653978390973","1.12125452031419","0.62562141345364","0.253007522038157"
"Inflation, consumer prices (annual %)","FP.CPI.TOTL.ZG","Greenland","GRL","NA","NA","NA","NA","NA","NA","NA","NA","NA","NA"
"Inflation, consumer prices (annual %)","FP.CPI.TOTL.ZG","Grenada","GRD","3.43650905943351","3.0334728033474","2.41077704021862","-0.0439997864828058","-0.98360305555498","-0.515448031435329","1.65038994431573","0.908458255874249","0.804102313277033","0.598149764736022"
"Inflation, consumer prices (annual %)","FP.CPI.TOTL.ZG","Guam","GUM","NA","NA","NA","NA","NA","NA","NA","NA","NA","NA"
"Inflation, consumer prices (annual %)","FP.CPI.TOTL.ZG","Guatemala","GTM","3.8595090983317","6.21412393067091","3.78180754679678","4.34337131279521","3.4183616966296","2.38872032839559","4.44844199942819","4.42453655182546","3.75186186704508","3.69998398008605"
"Inflation, consumer prices (annual %)","FP.CPI.TOTL.ZG","Guinea","GIN","15.0502688559001","21.3169268542577","15.2262941038638","11.8875884481828","6.1505055670642","11.7800825029834","8.17268112275132","8.91435947913097","9.82761701259191","9.47001039253012"
"Inflation, consumer prices (annual %)","FP.CPI.TOTL.ZG","Guinea-Bissau","GNB","2.51785140171697","5.04610226320204","2.13054580274493","1.20712555668414","-1.50924460570503","1.47672048910494","1.50312055861088","1.69111461822289","0.381324702791081","0.24660026814783"
"Inflation, consumer prices (annual %)","FP.CPI.TOTL.ZG","Guyana","GUY","3.73337757704246","4.9777356370697","2.39193521312334","1.90125181860582","0.852630497539914","-1.00173432776374","0.836008061506207","1.90465615515584","1.28284288443528","2.08723089162013"
"Inflation, consumer prices (annual %)","FP.CPI.TOTL.ZG","Haiti","HTI","4.82734190074673","6.33279483849042","5.01804155429246","4.76502404779142","3.43816659958601","6.73184069658997","11.5029073942666","10.6800887242584","12.4814111170435","18.7037825672506"
"Inflation, consumer prices (annual %)","FP.CPI.TOTL.ZG","Honduras","HND","4.69889064976226","6.7622795731476","5.19618615531848","5.16189898581494","6.12924930313022","3.15783117980923","2.72461223295289","3.93436084442044","4.34734937777528","4.36587159819267"
"Inflation, consumer prices (annual %)","FP.CPI.TOTL.ZG","Hong Kong SAR, China","HKG","2.29289088604673","5.3052489299392","4.05390950903844","4.33799342105267","4.42364532019699","2.99084819322581","2.40930743862224","1.49387243939522","2.40613432046534","2.88320853773996"
"Inflation, consumer prices (annual %)","FP.CPI.TOTL.ZG","Hungary","HUN","4.85555795691956","3.9299209893507","5.65214517088646","1.73319984983101","-0.227566270988219","-0.0616446800641672","0.394769306686392","2.34824281150154","2.85024792594646","3.33858635382008"
"Inflation, consumer prices (annual %)","FP.CPI.TOTL.ZG","Iceland","ISL","5.39673113167477","4.0010266434312","5.18589988750698","3.87227923748249","2.04461481539333","1.63305558181326","1.69692761997751","1.76041559180596","2.68291768267392","3.01397179156053"
"Inflation, consumer prices (annual %)","FP.CPI.TOTL.ZG","India","IND","11.9893899204244","8.91179336483371","9.47899691419801","10.0178784746102","6.66565671867899","4.90697344127256","4.94821634062141","3.32817337461298","3.9388264669163","3.72950573539129"
"Inflation, consumer prices (annual %)","FP.CPI.TOTL.ZG","Indonesia","IDN","5.13420400767928","5.3560477898215","4.27949999641975","6.41251330156418","6.39492540819922","6.36312113115612","3.5258051568793","3.80879806953157","3.1983464156241","3.03058664969487"
"Inflation, consumer prices (annual %)","FP.CPI.TOTL.ZG","Iran, Islamic Rep.","IRN","10.0893629287979","26.2933856738608","27.2568127242908","36.6030355191029","16.6065532357449","12.4846815611533","7.24542548952979","8.04492437660278","18.0141183371874","39.9073455697784"
"Inflation, consumer prices (annual %)","FP.CPI.TOTL.ZG","Iraq","IRQ","2.8777472527476","5.801455370853","6.08909641595043","1.87949800749469","2.23597407904679","1.39333028780309","0.556521397155511","0.18405889884769","0.367441488936849","-0.198965380023928"
"Inflation, consumer prices (annual %)","FP.CPI.TOTL.ZG","Ireland","IRL","-0.918388645376774","2.5489783020855","1.69474116680366","0.515099484900573","0.190916398713745","-0.330959783371788","0.0201247735963237","0.362173038229378","0.471130713712916","0.937842961189274"
"Inflation, consumer prices (annual %)","FP.CPI.TOTL.ZG","Isle of Man","IMN","NA","NA","NA","NA","NA","NA","NA","NA","NA","NA"
"Inflation, consumer prices (annual %)","FP.CPI.TOTL.ZG","Israel","ISR","2.69137006338376","3.48494919760703","1.67920719398061","1.5702553921126","0.479786761439324","-0.601291007162392","-0.551552352993558","0.25941497450575","0.794075660242718","0.84978312826417"
"Inflation, consumer prices (annual %)","FP.CPI.TOTL.ZG","Italy","ITA","1.52551602118248","2.78063272879323","3.04136333226775","1.21999342274306","0.241047429826756","0.0387903996579733","-0.09401665691575","1.22653316645812","1.13748763600391","0.611246943765304"
"Inflation, consumer prices (annual %)","FP.CPI.TOTL.ZG","Jamaica","JAM","12.6105519975603","7.555856465809","6.87397708674309","9.34150076569673","8.27407886231419","3.69154228855725","2.35102197485846","4.37839864991561","3.73663882152163","3.90510000865872"
"Inflation, consumer prices (annual %)","FP.CPI.TOTL.ZG","Japan","JPN","-0.728243207517779","-0.27245561610124","-0.0440645104432602","0.335037912184741","2.75922671353253","0.795279630579839","-0.127258844489754","0.484199796126385","0.989094598021848","0.46877615938395"
"Inflation, consumer prices (annual %)","FP.CPI.TOTL.ZG","Jordan","JOR","4.84551875852116","4.1624416292779","4.5152295667099","4.82462314269537","2.89947905006057","-0.876851359704049","-0.778430463054142","3.32389447576097","4.46231108475481","0.761514047265601"
"Inflation, consumer prices (annual %)","FP.CPI.TOTL.ZG","Kazakhstan","KAZ","7.40046356341398","8.452904661768","5.19568369035072","5.94283871648418","6.84944977003349","6.67828585615244","14.3610942386247","7.44266321306792","6.16366247577751","5.33356098916669"
"Inflation, consumer prices (annual %)","FP.CPI.TOTL.ZG","Kenya","KEN","3.96138889115385","14.0224913014704","9.37777003547598","5.71749357037733","6.87815499275949","6.58215429284779","6.29724953814625","8.00564967709945","4.6898064677633","5.23963795764792"
"Inflation, consumer prices (annual %)","FP.CPI.TOTL.ZG","Kiribati","KIR","-3.89955040651658","1.4974097987596","-3.04586292775563","-1.48805908468096","2.1039852092504","0.572015743634246","1.9173109023338","0.355520888546828","0.564030491493476","-1.81307995302947"
"Inflation, consumer prices (annual %)","FP.CPI.TOTL.ZG","Korea, Dem. People's Rep.","PRK","NA","NA","NA","NA","NA","NA","NA","NA","NA","NA"
"Inflation, consumer prices (annual %)","FP.CPI.TOTL.ZG","Korea, Rep.","KOR","2.93928652655686","4.0259650043609","2.18707104433314","1.30134754547413","1.27477446401322","0.70633177245575","0.971685739912168","1.94433230786366","1.47583935002645","0.383000303608136"
"Inflation, consumer prices (annual %)","FP.CPI.TOTL.ZG","Kosovo","XKX","3.48050763735842","7.3364177131527","2.47673782156533","1.76732428354892","0.428957808324092","-0.536929392740659","0.273169431045468","1.48823430592319","1.05379773654991","2.67599202639893"
"Inflation, consumer prices (annual %)","FP.CPI.TOTL.ZG","Kuwait","KWT","4.49640287769787","4.8394034987095","3.25514600287211","2.68229684085039","2.90892672858625","3.27170166092133","3.19839776658374","2.17183298510006","0.543133148199567","1.09184802655856"
"Inflation, consumer prices (annual %)","FP.CPI.TOTL.ZG","Kyrgyz Republic","KGZ","7.96772225579684","16.6363262731495","2.76844236540957","6.61375202358082","7.5342472977589","6.50331838993384","0.388838296895799","3.1753098637994","1.54266145238436","1.13362257718804"
"Inflation, consumer prices (annual %)","FP.CPI.TOTL.ZG","Lao PDR","LAO","5.98254521550082","7.5689885610998","4.2551267783209","6.37142717782947","4.12924306873771","1.27735427102992","1.59691227583204","0.825478607568026","2.04039266890201","3.32255881256925"
"Inflation, consumer prices (annual %)","FP.CPI.TOTL.ZG","Latvia","LVA","-1.08463595015162","4.3707355993922","2.25778924374595","-0.0294547782579216","0.620490636732421","0.174242243625186","0.140633334505327","2.93036312374665","2.53445424186598","2.81140920075615"
"Inflation, consumer prices (annual %)","FP.CPI.TOTL.ZG","Lebanon","LBN","3.98347941855833","4.97148571692384","6.58147447683677","4.82101956297399","1.8546042134091","-3.74914524799629","-0.783359624361508","4.32135218303191","6.07698907889607","3.00538949390383"
"Inflation, consumer prices (annual %)","FP.CPI.TOTL.ZG","Lesotho","LSO","-2.40524254598706","5.0366305210156","6.05143662139967","4.86511899496385","5.37028961008587","3.21844513655931","6.59650490696543","4.447699373763","4.7518030162474","5.18708359197982"
"Inflation, consumer prices (annual %)","FP.CPI.TOTL.ZG","Liberia","LBR","7.28992796890228","8.48816751849401","6.83178703418548","7.577306817414","9.86111285574928","7.74869687621306","8.83424868336494","12.4196323907137","23.5635148953742","NA"
"Inflation, consumer prices (annual %)","FP.CPI.TOTL.ZG","Libya","LBY","2.79989500109268","15.5184815317561","6.05980392156864","2.60581802719517","2.43294141599225","10.4022933588151","25.8538742124461","25.8036184788338","13.1702038536721","-2.16217883470595"
"Inflation, consumer prices (annual %)","FP.CPI.TOTL.ZG","Liechtenstein","LIE","NA","NA","NA","NA","NA","NA","NA","NA","NA","NA"
"Inflation, consumer prices (annual %)","FP.CPI.TOTL.ZG","Lithuania","LTU","1.31921362055463","4.13027562645085","3.08998277055417","1.04747937065344","0.103758009433708","-0.884097405500596","0.905525075460342","3.72288862303707","2.69792779208394","2.33450937988027"
"Inflation, consumer prices (annual %)","FP.CPI.TOTL.ZG","Luxembourg","LUX","2.2736791162154","3.41068341068342","2.66284165508021","1.73403963519162","0.628543985440717","0.474743161437779","0.290833333333317","1.73079959118887","1.5281952430738","1.74332075653848"
"Inflation, consumer prices (annual %)","FP.CPI.TOTL.ZG","Macao SAR, China","MAC","2.80947242060855","5.80624616691043","6.1073892833654","5.50057779178485","6.04823452094077","4.56056338028173","2.36895749705906","1.22812404052801","3.00446293166953","2.75193081051975"
"Inflation, consumer prices (annual %)","FP.CPI.TOTL.ZG","North Macedonia","MKD","1.50997522027621","3.9047542206973","3.31605566687647","2.78500056726118","-0.281705032928494","-0.299920475631552","-0.23929078768441","1.35161889677442","1.45831298507117","0.766439573459716"
"Inflation, consumer prices (annual %)","FP.CPI.TOTL.ZG","Madagascar","MDG","9.24732173644116","9.48254048582992","5.71384434191053","5.8264294445198","6.08040811088302","7.40419174202129","6.03575858154679","8.60905075422949","8.59422958870476","5.61051441492365"
"Inflation, consumer prices (annual %)","FP.CPI.TOTL.ZG","Malawi","MWI","7.41159092883827","7.6228226284852","21.2712650013779","27.2833333333334","23.7920649469687","21.8673475542553","21.7111132136499","11.5433939188771","12.420178108921","9.3708360560567"
"Inflation, consumer prices (annual %)","FP.CPI.TOTL.ZG","Malaysia","MYS","1.62285235577035","3.1744709215131","1.66357102479206","2.10501231233612","3.14299050879095","2.10438980238359","2.09056659525742","3.87120115774237","0.884709160571235","0.662891865764326"
"Inflation, consumer prices (annual %)","FP.CPI.TOTL.ZG","Maldives","MDV","6.14988536750173","11.2734146055937","10.884695658563","3.8056300091943","2.12000175718134","0.953206658777607","0.502509413611612","2.81747338234509","-0.133373386117595","0.220029731065383"
"Inflation, consumer prices (annual %)","FP.CPI.TOTL.ZG","Mali","MLI","1.10892690670187","2.95564395229391","5.32312847064058","-0.606736356351471","0.883814547137841","1.45069057605961","-1.79964707083386","1.75985742927156","0.299546507387934","-1.65826694846365"
"Inflation, consumer prices (annual %)","FP.CPI.TOTL.ZG","Malta","MLT","1.51563513618532","2.9629852819288","2.37582057760386","1.1802843636655","0.310306472181665","1.10054826378929","0.642702771527304","1.36435448150708","1.15782362451517","1.6420600176894"
"Inflation, consumer prices (annual %)","FP.CPI.TOTL.ZG","Marshall Islands","MHL","NA","NA","NA","NA","NA","NA","NA","NA","NA","NA"
"Inflation, consumer prices (annual %)","FP.CPI.TOTL.ZG","Mauritania","MRT","6.28354087427704","5.68631959575954","4.90242727217997","4.12910173783393","3.53436856147324","3.25472688117631","1.47171045650004","2.25427651934813","3.06735996058356","2.30009262117937"
"Inflation, consumer prices (annual %)","FP.CPI.TOTL.ZG","Mauritius","MUS","2.9323630136986","6.5224925486934","3.85216033315973","3.54329573934839","3.21769191994685","1.2865497076024","0.977675134718965","3.66699702675916","3.21605383144579","0.405655190309553"
"Inflation, consumer prices (annual %)","FP.CPI.TOTL.ZG","Mexico","MEX","4.15672722680174","3.40737824605742","4.11150981070289","3.80639069747204","4.01861608078679","2.72064064964023","2.8217078474766","6.04145724018986","4.89935015356551","3.63596142127046"
"Inflation, consumer prices (annual %)","FP.CPI.TOTL.ZG","Micronesia, Fed. Sts.","FSM","3.31370963136217","5.08259403890371","5.01850353045616","1.75232737350762","0.650284891767944","-0.2981158373807","-1.03746806405349","0.58225373525489","1.49840023593737","1.92385170787923"
"Inflation, consumer prices (annual %)","FP.CPI.TOTL.ZG","Moldova","MDA","7.48385086350852","7.68725103356191","4.54633427355292","4.59787897363127","5.0887855462587","9.67624033101868","6.35930898037931","6.57022997455597","3.04505397337071","4.83778351428728"
"Inflation, consumer prices (annual %)","FP.CPI.TOTL.ZG","Monaco","MCO","NA","NA","NA","NA","NA","NA","NA","NA","NA","NA"
"Inflation, consumer prices (annual %)","FP.CPI.TOTL.ZG","Mongolia","MNG","10.0462065881651","8.411214953271","14.3303348325837","10.4906567588242","12.253980812976","5.7356828193832","0.733272227314397","4.30143105302342","6.82424790145522","7.30106953550723"
"Inflation, consumer prices (annual %)","FP.CPI.TOTL.ZG","Montenegro","MNE","0.654946570148479","3.4501431124869","4.14524724981119","2.20589268141178","-0.710514051710227","1.54869158222486","-0.271385023385176","2.3802359905313","2.611223782638","0.361563704540767"
"Inflation, consumer prices (annual %)","FP.CPI.TOTL.ZG","Morocco","MAR","0.993557401226392","0.9069249096918","1.28712240079219","1.88065466724086","0.442310053557048","1.5579071134626","1.63531114327064","0.754663249323619","1.80391671141896","0.303386036590383"
"Inflation, consumer prices (annual %)","FP.CPI.TOTL.ZG","Mozambique","MOZ","12.4255421735155","11.1666056127875","2.60245456956609","4.26135250941972","2.55974875844295","3.55075967356746","17.4180418197597","15.1132073899384","3.91133439990723","2.80270307928106"
"Inflation, consumer prices (annual %)","FP.CPI.TOTL.ZG","Myanmar","MMR","7.71838195873614","5.0214601462073","1.46758322674679","5.64303883425501","4.953299184844","9.45417189526018","6.92882525816076","4.5725365531752","6.87232865662935","8.82506696804558"
"Inflation, consumer prices (annual %)","FP.CPI.TOTL.ZG","Namibia","NAM","4.8749198764395","5.005595180812","6.72199777334886","5.60092502290401","5.35016966859602","3.39401538410559","6.72858234593338","6.14579981111164","4.29159105337875","3.72239414422695"
"Inflation, consumer prices (annual %)","FP.CPI.TOTL.ZG","Nauru","NRU","NA","0.3003003003003","-0.124750499001971","NA","NA","NA","NA","NA","NA","NA"
"Inflation, consumer prices (annual %)","FP.CPI.TOTL.ZG","Nepal","NPL","9.32650410745394","9.22707546125951","9.45980980357135","9.04016311917636","8.36415469659563","7.86890895590899","8.79034332004633","3.62709610696607","4.0611633875107","5.56868547784929"
"Inflation, consumer prices (annual %)","FP.CPI.TOTL.ZG","Netherlands","NLD","1.27530569556683","2.34107017751373","2.45554765291604","2.50689852657885","0.976035079699679","0.600248147278776","0.316666666666743","1.38145871407206","1.7034979474447","2.63369910249601"
"Inflation, consumer prices (annual %)","FP.CPI.TOTL.ZG","New Caledonia","NCL","NA","2.42899693753383","1.74967234600262","1.27761318992718","0.178851060785511","0.570508141048402","0.578317435520754","NA","NA","NA"
"Inflation, consumer prices (annual %)","FP.CPI.TOTL.ZG","New Zealand","NZL","2.30202385958572","4.0279066739204","1.05991318445632","1.13442266445817","1.227507505974","0.292704628136101","0.646240284454524","1.85078767452536","1.59829703801696","1.61963190184048"
"Inflation, consumer prices (annual %)","FP.CPI.TOTL.ZG","Nicaragua","NIC","5.45513425887423","8.082387980991","7.1935505333896","7.13546785289407","6.03596861798425","3.99737996694396","3.52317317628473","3.85067166284727","4.94723728039886","5.37628990844126"
"Inflation, consumer prices (annual %)","FP.CPI.TOTL.ZG","Niger","NER","0.804073080882638","2.94238514013311","0.45508982035929","2.29723114955327","-0.930287259984466","-0.576090369833189","1.65388922387806","2.79637318871275","2.96760366004456","-2.48979265070846"
"Inflation, consumer prices (annual %)","FP.CPI.TOTL.ZG","Nigeria","NGA","13.7400521363694","10.8261371880017","12.2242413020583","8.49551838265678","8.04741087967907","9.00943498007699","15.6968126387972","16.5022662139641","12.0951065173432","11.3964223378115"
"Inflation, consumer prices (annual %)","FP.CPI.TOTL.ZG","Northern Mariana Islands","MNP","NA","NA","NA","NA","NA","NA","NA","NA","NA","NA"
"Inflation, consumer prices (annual %)","FP.CPI.TOTL.ZG","Norway","NOR","2.41890639481001","1.28495158809152","0.696864111498362","2.12048620353112","2.04170286707211","2.17113665389527","3.54999999999998","1.87510059552554","2.76483134528788","2.16773003305402"
"Inflation, consumer prices (annual %)","FP.CPI.TOTL.ZG","Oman","OMN","3.25657959078624","4.0421886711639","2.94773495257209","1.05354820265932","1.01401483924156","0.0652901330286599","1.10920805807027","1.58909413567799","0.889312370970404","0.490815362820671"
"Inflation, consumer prices (annual %)","FP.CPI.TOTL.ZG","Pakistan","PAK","12.9388705634889","11.9160927116277","9.68235186055684","7.69215611899565","7.18938402847028","2.52932817254229","3.7651191635658","4.08537368032608","5.07805725868917","10.5783618004555"
"Inflation, consumer prices (annual %)","FP.CPI.TOTL.ZG","Palau","PLW","1.44219017355169","4.6746987951807","3.61418047882138","3.35481004221287","4.19174548581256","0.949040643697081","-1.04230533415074","1.4179881966692","2.10970464135017","0.26737967914444"
"Inflation, consumer prices (annual %)","FP.CPI.TOTL.ZG","Panama","PAN","3.491288726188","5.8758024367877","5.69819959165992","4.0271599157106","2.62652699929151","0.137492058461504","0.739734025300033","0.875585918759878","0.761578359399944","-0.355083821021245"
"Inflation, consumer prices (annual %)","FP.CPI.TOTL.ZG","Papua New Guinea","PNG","6.01360893567856","4.44083401028971","4.53720508166972","4.9603174603175","5.22211720226841","5.99595778127107","6.6737288135593","5.42204568023834","4.37448921453162","3.92867290939597"
"Inflation, consumer prices (annual %)","FP.CPI.TOTL.ZG","Paraguay","PRY","4.65116279069765","8.2539682539683","3.67591897974496","2.68385738718582","5.02882767456766","3.12900274473925","4.08682280577241","3.60247741348943","3.97561015740694","2.75709727562775"
"Inflation, consumer prices (annual %)","FP.CPI.TOTL.ZG","Peru","PER","1.52832059732901","3.36931095333853","3.61121294940163","2.76789666082002","3.41194579807465","3.39809194746308","3.55717663556279","2.99490045809443","1.50915423024742","2.25212191358027"
"Inflation, consumer prices (annual %)","FP.CPI.TOTL.ZG","Philippines","PHL","3.78983634797591","4.7184170471842","3.02696391124796","2.58268766141795","3.59782343864211","0.674192536845408","1.25369880080982","2.85318772590947","5.30934661627707","2.39206534422404"
"Inflation, consumer prices (annual %)","FP.CPI.TOTL.ZG","Poland","POL","2.58069370250543","4.2394014962594","3.56037151702783","0.991982606332428","0.0538213132399802","-0.87412587412577","-0.664767331433961","2.0759355367385","1.81295156542679","2.227478809383"
"Inflation, consumer prices (annual %)","FP.CPI.TOTL.ZG","Portugal","PRT","1.40257289895369","3.65301100430724","2.77333854051586","0.274416666666663","-0.278153367467428","0.48793862390472","0.607397074641719","1.36861411643472","0.993715683468326","0.338178410046034"
"Inflation, consumer prices (annual %)","FP.CPI.TOTL.ZG","Puerto Rico","PRI","NA","NA","NA","NA","NA","NA","NA","NA","NA","NA"
"Inflation, consumer prices (annual %)","FP.CPI.TOTL.ZG","Qatar","QAT","-2.42525675161714","1.13836623529202","2.31534853431661","3.22197756829293","3.34972085659523","1.8140772393776","2.6765917009819","0.394878914083005","0.255815382724408","-0.666641124861147"
"Inflation, consumer prices (annual %)","FP.CPI.TOTL.ZG","Romania","ROU","6.09141668601891","5.7892532881588","3.33492267693442","3.9847123554813","1.06830987684298","-0.594156437495203","-1.54479666813897","1.3390212110439","4.62548443137779","3.82785432599438"
"Inflation, consumer prices (annual %)","FP.CPI.TOTL.ZG","Russian Federation","RUS","6.84939230255025","8.4404648593257","5.07474300799149","6.75371026220942","7.82341183865513","15.5344050528403","7.04244762954799","3.68332944412233","2.87829723647884","4.47036660760173"
"Inflation, consumer prices (annual %)","FP.CPI.TOTL.ZG","Rwanda","RWA","-0.246128693436934","3.0801706924026","10.2710182318876","5.92426867984854","2.35449052820358","2.52850284192421","7.17434301982009","8.27953672260832","-0.311210160390699","3.34787655037648"
"Inflation, consumer prices (annual %)","FP.CPI.TOTL.ZG","Samoa","WSM","0.777007268777692","5.23541591478434","2.0490188352116","0.61008572090503","-0.40681608842489","0.724470134874729","1.30471869303179","1.74989677484705","4.19745888663752","0.982326569888117"
"Inflation, consumer prices (annual %)","FP.CPI.TOTL.ZG","San Marino","SMR","2.58541815582589","2.89979584300091","2.8273322422262","1.60439298078063","1.11296303373832","0.145686073240975","0.573948019802681","1.04597683468917","NA","NA"
"Inflation, consumer prices (annual %)","FP.CPI.TOTL.ZG","Sao Tome and Principe","STP","13.34005235378","14.3271667616801","10.6379353431628","8.10583270875476","6.99849943966421","5.24587835022454","5.43051966119156","5.6902961992902","7.86859628873909","7.72024525213248"
"Inflation, consumer prices (annual %)","FP.CPI.TOTL.ZG","Saudi Arabia","SAU","5.33941680637454","5.82621608838862","2.86626887489915","3.53252470694918","2.23629031536978","1.20607322150109","2.06884036053473","-0.838194579675018","2.45814158007532","-2.09333333333329"
"Inflation, consumer prices (annual %)","FP.CPI.TOTL.ZG","Senegal","SEN","1.22868119673341","3.40322829786971","1.41822871177844","0.710245486695272","-1.09025507446895","0.13521193363526","0.837284942557434","1.3181531484778","0.460985642464282","1.76011151192938"
"Inflation, consumer prices (annual %)","FP.CPI.TOTL.ZG","Serbia","SRB","6.14255360247248","11.1373976342129","7.33038589596646","7.69426362896655","2.08244793880154","1.39235822000187","1.12231397417769","3.13106248590115","1.95984076293801","1.84922984511086"
"Inflation, consumer prices (annual %)","FP.CPI.TOTL.ZG","Seychelles","SYC","-2.40463875108227","2.55926772230953","7.11037062326403","4.33893848329099","1.38583454581263","4.04194410725617","-1.01548191697626","2.85679575568437","3.70291839111568","1.80709400809982"
"Inflation, consumer prices (annual %)","FP.CPI.TOTL.ZG","Sierra Leone","SLE","7.18566275668163","6.79138291952621","6.58776239392585","5.52412877994266","4.63931171409667","6.68943562498681","10.8860609413903","18.2215094003386","16.0295447693699","14.8049990906021"
"Inflation, consumer prices (annual %)","FP.CPI.TOTL.ZG","Singapore","SGP","2.82366134885608","5.2477933984048","4.57560270376527","2.35860415399832","1.02514803039391","-0.522618167075298","-0.532268739716253","0.576260310166349","0.43862011844684","0.565260568780326"
"Inflation, consumer prices (annual %)","FP.CPI.TOTL.ZG","Sint Maarten (Dutch part)","SXM","1.33857621672882","4.58475435650401","4.01518421081576","2.5286478853837","1.88675466275266","0.330027165141066","0.111682655737579","2.19201010962985","NA","NA"
"Inflation, consumer prices (annual %)","FP.CPI.TOTL.ZG","Slovak Republic","SVK","0.957018132975143","3.9192859914629","3.6061026352289","1.40047368963025","-0.0761653295419871","-0.325219777427673","-0.520010196278266","1.31194588223228","2.51403712883812","2.66456133425431"
"Inflation, consumer prices (annual %)","FP.CPI.TOTL.ZG","Slovenia","SVN","1.80117022137134","1.8028517194191","2.59741386039003","1.76920085881907","0.19934382657075","-0.525552285820877","-0.054999541670474","1.42910743319306","1.7386086198818","1.63052260754344"
"Inflation, consumer prices (annual %)","FP.CPI.TOTL.ZG","Solomon Islands","SLB","1.05148163321038","7.34270706018","5.91200602491155","5.3913638858756","5.16590237925171","-0.57446928635949","0.512485626268792","0.488686760261083","3.46147484973729","1.63485544012247"
"Inflation, consumer prices (annual %)","FP.CPI.TOTL.ZG","Somalia","SOM","NA","NA","NA","NA","NA","NA","NA","NA","NA","NA"
"Inflation, consumer prices (annual %)","FP.CPI.TOTL.ZG","South Africa","ZAF","4.08972989470464","4.9992669696526","5.72465791678297","5.78446909667201","6.12983770287141","4.54064227737906","6.57139642173964","5.18424664766128","4.51716522786592","4.12024587014984"
"Inflation, consumer prices (annual %)","FP.CPI.TOTL.ZG","South Sudan","SSD","1.16962180301106","46.8521757193597","45.5258978371706","-0.0580909784225664","1.67429906295525","52.7663304192142","379.999585624026","187.851630279442","83.5015294921999","87.2413641500033"
"Inflation, consumer prices (annual %)","FP.CPI.TOTL.ZG","Spain","ESP","1.79986457728769","3.1961018883379","2.44612782366809","1.40858109183019","-0.151114837527235","-0.500365709903242","-0.202598000426452","1.95607633363963","1.6749813686379","0.699518994458739"
"Inflation, consumer prices (annual %)","FP.CPI.TOTL.ZG","Sri Lanka","LKA","6.2176488930462","6.7167684358854","7.54291373239437","6.90845034828452","3.1790022823606","3.76836783062096","3.9588884659307","7.70413767850602","2.135037737132","3.52839358231811"
"Inflation, consumer prices (annual %)","FP.CPI.TOTL.ZG","St. Kitts and Nevis","KNA","0.850878649795844","5.8351651957086","0.816089281562459","1.10698554000129","0.247865392364942","-2.30187563045616","-0.687037123294039","0.694916711613604","-1.03712214131572","-0.329562063663977"
"Inflation, consumer prices (annual %)","FP.CPI.TOTL.ZG","St. Lucia","LCA","3.25034409180129","2.76940794144093","4.17763587102515","1.46856511035428","3.51695551369241","-0.983600952696996","-3.07821765676927","0.104262078958441","1.93561893150602","0.539087559191757"
"Inflation, consumer prices (annual %)","FP.CPI.TOTL.ZG","St. Martin (French part)","MAF","NA","NA","NA","NA","NA","NA","NA","NA","NA","NA"
"Inflation, consumer prices (annual %)","FP.CPI.TOTL.ZG","St. Vincent and the Grenadines","VCT","0.747109026311474","3.1860311155246","2.59844414147101","0.805127804267928","0.193858560794015","-1.73361194953959","-0.149641647633284","2.15333648840511","2.32414485367921","0.91306972532459"
"Inflation, consumer prices (annual %)","FP.CPI.TOTL.ZG","Sudan","SDN","12.9776663898014","18.0966171221351","35.5590574147024","36.5223449139154","36.9066427863595","16.9095706050977","17.750253831196","32.3516260968437","63.2925073455888","50.9940515002965"
"Inflation, consumer prices (annual %)","FP.CPI.TOTL.ZG","Suriname","SUR","6.94108221639996","17.7117796414558","5.00686319367273","1.92343604108305","3.38341272749477","6.89390359168238","55.4123879763196","21.9969430173304","NA","NA"
"Inflation, consumer prices (annual %)","FP.CPI.TOTL.ZG","Eswatini","SWZ","4.50923691774369","6.10742714590251","8.93964682788212","5.62130623468948","5.68134885776447","4.95124493704919","7.8472745908568","6.22137528933118","4.81506167461513","2.59801620311077"
"Inflation, consumer prices (annual %)","FP.CPI.TOTL.ZG","Sweden","SWE","1.15798802715628","2.9611507382214","0.888377506923638","-0.0442929701485858","-0.179638494114635","-0.0467847449832812","0.984269244577992","1.79449904665589","1.95353530127028","1.78415097403835"
"Inflation, consumer prices (annual %)","FP.CPI.TOTL.ZG","Switzerland","CHE","0.688238707220026","0.2313492076509","-0.692552018105253","-0.217323155115693","-0.0132025387514939","-1.14390867228183","-0.434618664285835","0.533787839825897","0.936335464113563","0.362886179940614"
"Inflation, consumer prices (annual %)","FP.CPI.TOTL.ZG","Syrian Arab Republic","SYR","4.39741383150071","4.7531638888566","36.7022953364135","NA","NA","NA","NA","NA","NA","NA"
"Inflation, consumer prices (annual %)","FP.CPI.TOTL.ZG","Tajikistan","TJK","6.44531440780658","12.4315490430406","5.83116601031462","5.00964645344951","6.10442765129667","5.7145594964971","6.00458082322139","NA","NA","NA"
"Inflation, consumer prices (annual %)","FP.CPI.TOTL.ZG","Tanzania","TZA","6.20015595647403","12.6909694699162","16.0010938506338","7.87072364573959","6.13161432988012","5.58816952959298","5.17476629301493","5.31871605228931","3.49445848856181","3.4642805799902"
"Inflation, consumer prices (annual %)","FP.CPI.TOTL.ZG","Thailand","THA","3.24758842443723","3.80879058139634","3.01489950334994","2.18488618530678","1.8951418189878","-0.900424963291569","0.188149704448234","0.665631893135106","1.06389754183015","0.706728601314311"
"Inflation, consumer prices (annual %)","FP.CPI.TOTL.ZG","Timor-Leste","TLS","6.76597680236483","13.4998402385771","11.8003096701544","10.9872344156476","0.848838206293387","0.646148614181249","-1.46984287886469","0.52297668038404","2.29424307036253","0.958812739702808"
"Inflation, consumer prices (annual %)","FP.CPI.TOTL.ZG","Togo","TGO","1.44594517430866","3.56351472903954","2.57718174055848","1.82539475909171","0.19087507624975","2.58500390801595","1.28544847051417","-0.981889868943119","0.927755426457183","0.674652770077436"
"Inflation, consumer prices (annual %)","FP.CPI.TOTL.ZG","Tonga","TON","3.53491239189831","6.27075302995691","1.14753853706055","0.77562932236742","2.51087633253706","-1.05399831971283","2.57815515245081","7.51706283551115","5.03209691984874","1.17954334821808"
"Inflation, consumer prices (annual %)","FP.CPI.TOTL.ZG","Trinidad and Tobago","TTO","10.5492003179988","5.1071328926456","9.26028137068292","5.19981740465611","5.68441814595659","4.66121598098264","3.07066742464024","1.88038440183532","1.01856930188822","1.00054293027237"
"Inflation, consumer prices (annual %)","FP.CPI.TOTL.ZG","Tunisia","TUN","3.33897963601069","3.24002842009531","4.6118443220664","5.31623531326689","4.62555099534031","4.437371273215","3.62939937384381","5.30884839565844","7.30759176031652","6.72007532863799"
"Inflation, consumer prices (annual %)","FP.CPI.TOTL.ZG","Turkiye","TUR","8.56644420552976","6.471879671151","8.89156996512163","7.49309030547693","8.85457271364324","7.67085364845877","7.7751341532833","11.1443110840765","16.3324638988928","15.1768215720022"
"Inflation, consumer prices (annual %)","FP.CPI.TOTL.ZG","Turkmenistan","TKM","NA","NA","NA","NA","NA","NA","NA","NA","NA","NA"
"Inflation, consumer prices (annual %)","FP.CPI.TOTL.ZG","Turks and Caicos Islands","TCA","NA","NA","NA","NA","NA","NA","NA","NA","NA","NA"
"Inflation, consumer prices (annual %)","FP.CPI.TOTL.ZG","Tuvalu","TUV","NA","0.5005807431527","NA","NA","NA","NA","NA","NA","NA","NA"
"Inflation, consumer prices (annual %)","FP.CPI.TOTL.ZG","Uganda","UGA","3.97655288478168","16.5643496174515","12.6790377224659","4.90520875694557","3.07570668958641","5.58968606251725","5.70637504616212","5.20971705914209","2.61601190952274","2.867588034469"
"Inflation, consumer prices (annual %)","FP.CPI.TOTL.ZG","Ukraine","UKR","9.37293105078978","7.95572466274652","0.568727971803862","-0.238948626045407","12.0718562874251","48.6998646434424","13.9127101997797","14.4383227488749","10.9518559353178","7.88671745611133"
"Inflation, consumer prices (annual %)","FP.CPI.TOTL.ZG","United Arab Emirates","ARE","0.877983288286","0.87734659568502","0.662268900269108","1.1011183637571","2.34626865671633","4.06996608361603","1.61748808904189","1.9668255781886","3.06863379252005","-1.93108114782155"
"Inflation, consumer prices (annual %)","FP.CPI.TOTL.ZG","United Kingdom","GBR","2.49265472467065","3.8561124468282","2.5732347965453","2.29166666666659","1.45112016293279","0.36804684232536","1.0084173681141","2.55775577557747","2.29283990345938","1.73810460086513"
"Inflation, consumer prices (annual %)","FP.CPI.TOTL.ZG","United States","USA","1.6400434423899","3.156841568622","2.06933726526067","1.46483265562717","1.62222297740817","0.118627135552451","1.26158320570536","2.13011000365961","2.44258329692817","1.81221007526021"
"Inflation, consumer prices (annual %)","FP.CPI.TOTL.ZG","Uruguay","URY","6.69870886978132","8.0928320630299","8.09776580573602","8.57513504005397","8.87735333229828","8.66626987079328","9.6394134763508","6.2180938256186","7.60653360377047","7.88198870879619"
"Inflation, consumer prices (annual %)","FP.CPI.TOTL.ZG","Uzbekistan","UZB","NA","13.7797446476603","13.2088026688373","11.8414333622049","9.28309356162702","8.75188196737494","8.13088669523606","13.8757425441634","17.5241796514057","14.5257359560685"
"Inflation, consumer prices (annual %)","FP.CPI.TOTL.ZG","Vanuatu","VUT","2.76269469477348","0.8737931047811","1.34740362877658","1.45893371757921","0.798863838097023","2.48326875660439","0.842069084035061","3.08452624403546","2.33096379566866","2.76252019386111"
"Inflation, consumer prices (annual %)","FP.CPI.TOTL.ZG","Venezuela, RB","VEN","28.1874647092039","26.0902123160959","21.0689956331876","40.6394275161589","62.1686499794829","121.738085297503","254.948534781816","NA","NA","NA"
"Inflation, consumer prices (annual %)","FP.CPI.TOTL.ZG","Viet Nam","VNM","9.20746648778413","18.6777322770707","9.09470339557192","6.59267475899192","4.08455446637617","0.631200905175754","2.66824816969082","3.52025688811617","3.53962805942641","2.7958236745225"
"Inflation, consumer prices (annual %)","FP.CPI.TOTL.ZG","Virgin Islands (U.S.)","VIR","NA","NA","NA","NA","NA","NA","NA","NA","NA","NA"
"Inflation, consumer prices (annual %)","FP.CPI.TOTL.ZG","West Bank and Gaza","PSE","3.74915727597096","2.8772435849594","2.77908768282492","1.72439933626931","1.73298510037447","1.43161145810476","-0.219106604907316","0.212570934228881","-0.195107773730735","1.58018333639455"
"Inflation, consumer prices (annual %)","FP.CPI.TOTL.ZG","Yemen, Rep.","YEM","11.1748338605044","19.5435617131144","9.88538714484871","10.9684421500198","8.10472583623915","NA","NA","NA","NA","NA"
"Inflation, consumer prices (annual %)","FP.CPI.TOTL.ZG","Zambia","ZMB","8.50176133365265","6.4293968107234","6.57589970757698","6.97767605490307","7.80687553566333","10.1105928909618","17.8697300795268","6.57731154205644","7.4945719272852","9.15031644316296"
"Inflation, consumer prices (annual %)","FP.CPI.TOTL.ZG","Zimbabwe","ZWE","3.02267002518892","3.4661297281749","3.72532666110646","1.63495041543822","-0.19778481012661","-2.43096842383404","-1.54366960054161","0.893962316050027","10.6188658669575","255.304990757856"
,"","","","","","","","","","","","",""
,"","","","","","","","","","","","",""
,"","","","","","","","","","","","",""
